price,sqft,bedrooms,bathrooms,age,lot_size,garage_spaces,distance_to_city,crime_rate,school_rating,condition_score,renovation_year
691436,3372,5,3.8,10,0.64,1,4.5,14.24,7.3,6.1,0
607245,2628,5,3.7,6,0.1,1,7.0,30.59,7.4,6.9,0
594268,2473,6,4.2,18,0.62,2,1.0,10.77,6.0,6.7,1990
631674,2861,6,4.2,5,0.57,2,1.6,43.62,4.1,8.6,0
619886,2835,5,3.6,15,0.24,2,3.0,19.22,10.0,7.1,0
729156,3307,6,4.2,47,0.46,1,8.0,36.76,7.6,8.2,2021
410950,1778,4,2.8,20,0.43,1,20.8,13.06,7.8,5.9,2003
509227,1936,4,3.0,8,0.51,1,13.8,9.35,8.1,9.6,0
437283,1554,3,2.2,21,0.41,2,7.0,54.98,8.2,8.2,0
484766,2177,4,2.8,25,0.14,2,6.6,32.08,7.7,9.5,0
523528,2107,4,3.1,6,0.49,2,4.2,22.39,6.5,7.3,0
321914,972,1,1.0,18,0.19,1,5.5,14.55,6.0,6.1,0
498520,1742,4,3.1,9,0.71,2,0.5,43.02,7.6,6.7,0
782061,3207,6,4.3,26,1.15,1,7.2,6.66,6.7,7.3,2022
514702,2371,5,4.0,5,0.35,1,9.5,54.51,6.7,7.3,0
596821,2701,6,4.3,42,0.15,2,1.9,37.61,8.0,6.4,0
547198,2116,5,4.2,13,0.24,1,2.4,33.49,9.6,7.0,0
370048,879,2,1.4,7,0.73,2,0.6,16.34,5.1,7.4,1998
504451,2110,5,3.7,8,0.61,0,4.1,41.28,7.2,5.8,0
634401,2929,6,4.7,6,0.55,0,4.9,49.17,5.0,6.4,2012
519230,1370,4,3.2,2,0.79,2,5.5,18.69,6.8,9.0,2023
632291,2723,6,4.8,1,0.23,1,4.4,48.96,4.0,8.8,0
285739,1009,1,1.3,6,0.36,0,0.5,32.23,5.5,5.8,0
652924,2214,5,3.9,9,0.27,2,0.5,39.15,6.5,9.8,0
608948,2581,5,3.7,7,0.44,1,4.2,31.53,8.1,5.8,2017
535749,1982,4,2.8,0,0.56,2,3.1,57.07,4.3,7.6,0
852890,3931,7,5.0,13,0.25,2,6.6,14.04,7.2,9.0,0
526061,1855,4,3.4,2,0.71,2,4.2,15.78,6.4,5.8,2001
442411,1795,3,1.8,4,0.27,1,3.7,16.62,8.7,5.3,0
593154,2343,5,3.5,2,0.38,2,1.1,51.8,5.9,7.7,1990
452939,1672,3,2.2,11,0.65,2,6.2,19.88,7.2,6.9,0
414728,1191,3,2.0,1,0.53,0,4.4,9.09,6.3,6.5,0
386025,1432,3,2.1,4,0.33,1,11.8,17.49,5.0,5.0,2007
722105,2731,7,5.0,9,0.5,2,5.9,23.3,5.6,9.0,2022
495734,1987,4,2.9,3,0.38,2,3.0,19.21,5.4,7.4,0
760843,3391,7,5.0,9,0.43,2,3.8,54.17,3.9,8.0,0
527888,1891,4,2.5,6,0.41,0,6.4,35.52,8.8,8.7,0
550009,2697,5,3.4,30,0.12,2,10.6,23.01,6.0,4.4,0
646669,2558,6,4.8,24,0.34,1,2.6,20.7,7.2,7.3,2020
420927,1881,4,3.5,74,0.48,2,9.9,40.25,4.8,4.7,0
515710,1585,4,3.1,11,1.05,1,8.4,31.97,6.6,8.1,2010
365763,988,2,1.4,13,0.35,2,20.5,5.74,7.3,9.0,1996
604584,2587,5,3.9,44,0.79,1,3.2,13.36,6.6,6.9,0
662549,3039,6,3.7,8,0.25,2,5.6,4.44,5.3,6.9,0
391227,1087,3,2.3,12,0.74,2,4.6,44.97,7.7,7.9,2016
501316,1941,4,2.7,7,1.05,0,12.7,21.65,3.4,7.7,1991
452753,1733,3,2.5,12,0.1,1,1.5,45.24,4.1,6.7,0
627730,2586,5,3.1,1,0.21,3,12.6,24.3,6.3,8.1,0
505677,1970,4,2.8,23,0.38,1,2.3,31.19,2.9,6.6,1999
655246,3126,6,4.5,63,0.08,2,7.8,31.95,5.3,7.5,2009
500908,1931,5,3.5,1,0.24,1,9.0,10.19,5.8,5.1,0
482982,1335,3,2.1,24,0.4,2,3.0,43.27,8.8,8.7,1993
479094,1872,4,3.3,4,0.13,0,2.2,13.21,5.5,5.7,0
499892,1949,4,3.0,3,0.12,2,2.0,25.33,5.7,7.5,0
561731,2568,5,3.5,18,0.16,1,1.9,43.12,3.7,5.3,0
521374,1939,4,3.3,1,0.23,2,9.5,19.32,6.6,6.3,0
583055,2508,5,3.8,9,0.71,1,3.3,37.33,6.5,6.2,0
425615,1647,2,1.6,0,0.29,2,1.7,54.45,4.9,7.8,0
509854,1994,4,2.7,12,0.52,1,9.1,39.77,7.9,9.2,0
433760,1650,3,1.5,9,0.32,1,3.5,45.49,7.8,5.9,0
408365,1607,3,2.0,37,0.29,2,7.7,49.59,5.7,5.6,0
704964,3092,7,4.9,19,0.5,1,2.1,17.49,3.6,8.6,0
472798,1699,3,2.1,2,0.37,2,4.0,21.02,4.9,5.9,0
552078,1957,5,3.5,7,0.49,2,2.3,7.92,8.8,10.0,0
660429,2931,6,4.5,40,0.51,2,2.7,51.62,6.7,5.4,0
624461,2725,6,4.8,19,0.21,1,4.8,17.27,5.4,8.1,0
725339,3349,7,5.0,14,0.72,2,11.3,25.77,8.5,4.7,0
601991,2538,5,4.0,12,0.78,0,11.4,17.55,6.2,5.5,0
476380,1780,4,2.7,8,0.09,2,3.7,38.75,6.5,5.5,1996
775193,3640,7,5.0,13,0.59,1,6.3,47.88,10.0,6.1,0
575363,2607,4,3.5,22,0.51,1,2.3,35.73,7.9,8.2,0
488819,2092,4,2.5,2,0.11,1,7.7,29.2,6.1,6.9,0
524607,2240,4,3.4,53,0.38,3,11.5,26.36,7.1,8.7,0
611025,2325,4,2.7,4,0.44,2,2.0,3.66,7.3,8.2,0
483018,2034,4,3.1,9,0.19,1,5.6,14.4,7.7,5.5,2023
376399,1237,2,1.6,0,0.23,3,0.5,24.45,4.9,6.8,2019
757379,3339,7,5.0,12,0.28,1,9.0,26.11,8.9,8.8,0
558620,2185,4,3.7,7,0.33,2,1.4,18.7,8.6,5.7,0
609033,2328,6,4.4,4,0.24,2,2.0,34.95,5.1,7.9,0
643451,3655,7,4.8,64,0.24,2,3.1,14.36,6.5,5.9,2005
455346,1722,4,3.1,8,0.09,1,1.6,25.02,6.6,5.6,0
689037,2659,6,4.4,8,0.61,2,3.0,16.84,6.7,6.6,0
417311,1645,3,2.4,9,0.28,2,7.6,34.72,7.7,5.3,0
602081,2425,4,3.3,2,0.37,1,1.4,38.76,6.0,8.9,0
526993,2341,5,3.7,7,0.8,0,8.1,8.74,7.1,2.8,1999
608362,2753,5,3.9,6,0.15,2,0.5,10.13,7.4,7.8,2012
732423,3046,7,5.0,9,0.29,2,4.2,24.2,7.2,7.8,2022
470739,1794,3,2.8,29,0.49,2,2.7,16.89,7.2,6.3,0
673788,3192,6,4.4,3,0.57,1,14.6,11.87,7.3,4.0,0
731008,3241,6,4.3,14,0.2,1,1.5,25.87,6.8,7.7,0
490793,2025,4,3.3,1,0.42,2,6.4,54.91,3.6,6.3,1991
516459,2195,4,2.7,6,0.19,2,1.5,10.62,5.0,6.1,0
483060,1854,4,3.1,10,0.15,2,4.5,12.18,4.6,8.8,0
527895,1986,4,2.9,1,0.7,2,4.1,21.55,4.9,9.2,0
384992,1358,2,1.5,12,0.28,2,4.9,39.43,5.0,6.2,2022
650974,2744,6,5.0,6,0.81,1,11.7,29.95,8.1,5.8,1998
247413,800,1,1.1,74,0.21,1,4.3,20.93,8.5,2.9,0
365932,1712,3,2.6,15,0.51,2,4.6,27.08,7.5,4.6,1999
531383,2168,5,3.9,4,0.2,0,9.4,58.05,5.0,5.8,0
717082,3110,6,4.3,2,0.33,3,8.7,30.58,5.1,8.6,0
470313,1818,4,3.1,1,0.07,2,10.5,45.52,5.5,7.7,0
594726,2499,5,3.9,1,0.52,2,5.2,13.74,5.4,8.6,0
499095,2143,4,3.1,17,0.3,1,3.9,8.01,8.5,8.0,0
638989,2862,6,4.5,29,0.3,2,6.9,57.27,4.5,7.0,0
589443,2463,4,2.9,3,0.28,2,3.9,26.74,7.0,7.1,0
682592,2781,6,4.6,8,0.45,2,0.7,16.68,4.6,7.8,0
490646,1815,4,2.8,7,0.27,0,0.8,13.05,7.2,6.7,0
466397,1490,3,2.5,16,0.39,2,5.5,11.84,5.9,7.5,2013
536747,2457,4,2.4,3,0.21,2,2.6,53.63,4.8,7.5,2000
433329,1859,3,2.7,46,0.61,0,1.8,40.42,5.7,7.4,2018
533698,2221,5,3.4,20,0.25,1,0.9,41.1,7.3,6.1,1994
532366,2422,4,2.7,47,0.4,2,1.6,34.35,4.1,9.0,0
754417,3069,6,4.6,5,0.81,1,4.8,47.8,5.6,9.0,0
541712,2751,5,3.9,13,0.43,1,12.7,55.25,6.2,5.1,0
358290,1723,3,2.9,20,0.54,0,5.0,29.74,4.4,4.0,2000
354888,1398,2,1.6,19,0.44,3,3.8,21.22,5.1,6.3,0
757351,3395,7,5.0,0,0.4,0,2.9,59.36,8.7,5.8,0
261438,1092,3,2.3,96,0.34,1,7.9,12.59,4.5,4.5,0
399424,1883,4,3.5,39,0.14,1,3.6,44.21,5.7,6.4,0
667915,2652,6,5.0,2,0.26,2,3.3,44.95,7.2,9.1,0
732931,3347,7,5.0,12,0.19,2,1.9,34.61,6.4,7.7,0
559974,2067,4,3.2,6,0.31,2,2.6,21.56,5.6,8.2,2004
560275,2219,5,3.7,32,0.14,2,7.1,58.3,7.7,9.0,0
482149,1587,2,1.5,18,0.33,2,5.8,28.79,3.4,8.2,0
585403,2289,5,4.3,4,0.75,2,4.5,8.34,7.5,6.8,0
400509,1395,3,2.0,1,0.76,2,4.8,30.59,5.1,8.8,0
435280,1675,3,1.5,5,0.5,1,3.1,50.14,2.7,5.8,0
633902,2735,4,3.1,1,0.26,2,6.3,32.73,9.7,4.7,0
488336,1896,4,3.4,2,0.33,1,5.1,26.15,6.6,9.1,0
665096,2842,6,4.6,15,0.62,2,1.7,30.42,7.7,9.3,0
543692,2093,4,3.2,21,0.39,2,3.9,16.29,8.1,6.4,0
489570,1242,3,2.5,9,0.99,2,2.4,15.36,5.1,6.2,0
687640,3018,7,5.0,14,0.51,2,10.6,4.81,6.1,7.8,0
439323,1279,4,3.2,3,0.49,2,6.7,16.2,6.4,5.4,0
410882,1779,4,3.2,6,0.46,2,10.3,59.59,5.4,6.6,2000
524992,2060,4,2.4,19,0.39,2,2.2,26.15,8.3,7.4,0
636842,2904,5,3.8,7,0.39,1,9.4,26.88,8.5,6.0,0
525674,1831,3,1.8,6,0.42,1,3.2,36.06,6.3,8.6,0
444906,1551,3,2.2,3,0.42,1,1.3,11.3,7.2,7.4,0
571602,2314,5,3.6,14,0.15,0,4.3,31.91,7.8,6.8,2009
516933,2050,5,4.1,25,0.06,2,3.2,24.08,6.9,8.5,0
533145,1873,5,3.8,10,0.21,2,3.4,5.21,5.6,7.2,0
579280,2352,4,3.1,2,0.28,1,4.0,58.85,2.8,5.9,0
428788,1357,2,1.4,27,0.73,0,9.1,54.81,6.6,8.9,0
460495,995,3,2.6,1,0.61,2,6.0,33.37,7.7,7.0,0
731161,3697,7,4.8,10,0.21,2,6.9,43.24,5.1,2.0,2000
564572,2273,5,3.5,5,0.3,2,6.3,36.94,6.8,7.4,2018
488266,2322,2,1.9,41,0.31,2,2.2,5.63,7.2,4.1,2023
513520,1653,3,2.1,20,1.05,2,0.5,56.55,7.2,10.0,0
656192,2828,6,3.9,13,0.42,0,3.9,35.19,6.7,7.5,0
468977,1827,3,2.7,17,1.01,1,6.1,30.34,5.0,7.5,0
351586,800,2,1.8,11,0.51,3,5.3,8.13,8.3,8.1,0
487423,1803,5,4.0,2,0.42,0,4.7,4.12,6.4,4.3,2009
545777,2003,5,3.8,19,0.08,1,6.6,17.59,5.7,7.6,0
546004,2081,5,4.2,10,0.35,1,4.4,53.56,4.0,5.5,1997
618800,2061,4,3.4,15,0.57,2,4.6,49.97,7.1,6.4,0
510652,1749,3,2.7,1,0.26,1,2.5,21.09,10.0,7.7,0
471506,1681,4,3.2,2,0.74,2,10.8,16.11,6.1,6.2,2013
509189,1991,4,3.0,13,0.73,3,0.9,25.83,5.8,4.1,0
333611,1048,2,1.4,9,0.11,2,9.3,38.89,6.5,7.7,0
371180,830,1,1.0,4,0.11,1,0.8,6.54,6.4,8.1,0
578135,2269,4,3.2,4,0.82,3,7.5,51.98,5.9,5.3,0
533889,2280,5,3.9,15,0.22,2,4.5,21.49,9.6,5.8,2007
622018,2816,5,3.6,1,0.23,1,8.7,25.69,6.6,6.7,0
461456,2021,4,3.2,9,0.12,0,7.2,26.47,4.5,9.9,0
439609,1364,3,2.2,11,0.29,2,1.5,51.4,4.7,9.6,0
340714,842,2,1.8,6,0.29,2,0.5,40.9,8.2,8.6,1993
418665,1577,3,2.0,26,0.25,1,2.6,42.04,6.9,10.0,0
593890,2496,5,3.4,1,0.85,2,3.5,15.08,6.0,8.6,2010
751888,3209,6,4.4,30,0.82,3,5.8,3.0,5.8,7.4,0
560380,2238,4,3.2,19,0.34,1,4.0,28.65,7.5,5.3,0
364637,1350,2,1.2,9,0.67,1,2.8,14.47,5.3,4.4,0
444323,1584,4,3.3,39,0.42,3,5.2,22.81,6.3,6.3,0
434205,1606,3,1.8,18,0.68,1,8.8,19.85,7.6,7.3,2008
503387,1916,3,2.2,40,0.9,3,8.7,11.13,5.4,10.0,2016
636735,2985,5,3.3,10,0.38,2,4.7,32.06,8.4,6.7,0
584229,3039,5,3.0,9,0.05,1,5.8,39.94,4.0,7.2,0
580716,2079,4,3.1,11,0.69,0,0.5,32.75,6.6,7.5,0
473368,2328,5,3.7,1,0.25,0,7.1,55.04,6.6,7.3,0
423364,1642,3,1.8,36,0.59,1,13.2,41.93,3.3,9.7,2014
394897,1003,1,1.0,17,1.22,2,3.9,20.34,5.4,9.0,0
813401,3452,7,5.0,14,0.38,2,6.6,12.47,7.4,7.0,2012
295849,800,2,1.4,39,0.85,2,5.7,41.92,5.4,6.1,0
252663,915,1,1.0,76,0.6,2,4.4,24.57,6.1,6.2,2003
754187,3457,7,5.0,3,0.81,2,7.2,32.11,5.9,7.0,2021
557402,2212,4,2.8,21,0.55,3,2.8,37.52,8.0,5.9,2019
417206,1412,3,2.1,13,0.51,2,3.5,41.34,7.0,8.4,0
602102,2678,5,3.6,9,0.49,3,2.8,14.56,5.8,6.0,0
540299,2741,5,3.5,57,0.38,1,14.8,36.65,5.4,9.3,0
421459,1267,3,1.9,28,1.37,2,2.3,42.18,7.8,8.0,0
450609,1827,4,2.9,18,0.44,2,6.6,15.51,6.7,5.0,0
718661,2813,6,4.3,7,0.64,3,2.2,25.41,8.0,9.2,2014
417113,1628,3,1.9,16,0.16,2,5.2,22.06,7.4,5.0,2008
618642,2398,5,4.0,11,1.14,1,6.2,50.7,1.6,9.4,0
742245,3197,6,4.9,4,0.77,1,0.7,62.51,8.1,8.1,0
304575,800,1,1.0,9,0.23,1,1.3,3.49,6.7,10.0,2010
443944,1961,4,3.0,4,0.54,1,2.1,9.23,6.9,3.2,0
533406,2383,4,2.8,10,0.54,2,1.5,27.97,3.5,7.2,0
361602,946,1,1.1,19,0.67,2,1.9,24.96,5.8,7.0,0
511768,1829,4,3.5,1,0.38,1,5.5,43.56,6.6,6.1,0
661445,2931,6,4.5,22,0.19,1,2.9,71.07,4.6,8.5,0
503497,1707,4,2.8,0,0.47,2,7.1,68.56,8.5,6.5,0
427171,1161,3,2.4,11,0.21,1,12.6,15.32,7.6,9.2,2008
735148,2992,6,4.5,13,1.25,3,1.3,32.46,5.9,5.6,0
632310,2511,6,4.3,21,0.48,1,13.4,38.23,9.2,4.1,1991
503876,2152,4,3.1,21,0.13,2,8.0,44.7,7.1,5.9,0
624622,2131,5,4.0,8,0.32,0,6.4,14.98,8.6,7.9,0
680537,2920,6,4.3,1,0.47,3,4.4,32.49,5.3,8.5,2022
622522,2406,5,4.5,18,1.38,2,4.9,9.32,7.2,5.6,0
614441,2652,5,3.3,11,0.19,2,1.9,43.24,8.5,7.8,0
479483,1715,4,2.7,6,0.16,1,4.7,28.63,8.3,7.5,0
320030,858,1,1.0,4,0.43,3,10.2,35.55,8.0,7.3,0
675338,2635,4,3.7,2,0.43,3,2.0,24.79,8.4,9.6,0
697411,2971,6,4.3,5,0.5,2,6.9,15.99,8.8,6.6,2005
475439,2043,4,2.7,9,0.53,2,9.0,27.57,3.0,5.6,1996
644099,2821,5,3.9,10,0.45,3,2.4,29.18,5.9,7.1,0
560131,1965,4,2.9,13,1.05,2,5.9,37.68,3.9,6.8,2013
538868,2137,4,3.2,7,0.46,1,7.1,31.06,3.9,8.4,0
656540,3427,7,5.0,38,0.24,2,14.0,11.75,5.7,7.0,0
598846,1996,5,3.5,10,0.66,2,10.3,6.17,5.9,7.4,0
542550,1955,4,3.7,8,0.63,3,10.1,49.22,8.5,6.6,0
322758,891,2,1.0,1,0.31,2,3.4,38.68,4.7,3.6,0
630386,2683,5,4.3,14,0.1,0,6.7,14.9,6.8,7.3,0
514885,1703,3,2.5,14,0.3,2,4.3,24.42,8.9,8.8,2008
561993,2303,5,3.5,13,0.43,2,1.2,27.2,6.3,7.9,2012
433541,1979,4,3.6,33,0.08,0,2.1,38.58,9.4,4.7,0
513820,1888,3,1.8,22,0.24,2,4.7,29.45,3.7,6.5,0
458565,2118,4,3.3,30,0.16,1,4.0,48.81,5.2,6.6,0
552341,2171,4,2.4,1,0.19,2,13.3,15.77,8.8,7.8,0
755525,3023,6,4.2,6,0.43,3,5.0,5.62,5.5,7.2,0
679049,3264,7,4.9,6,0.44,2,8.9,36.09,6.1,2.5,0
621380,2656,6,4.3,16,0.23,2,6.0,15.95,9.0,5.5,0
734888,3090,6,4.5,9,0.61,1,6.3,10.23,7.5,6.5,2019
660859,2798,7,5.0,23,0.66,2,8.0,28.55,4.0,6.0,0
640115,2546,6,3.9,7,0.14,2,3.9,16.17,7.4,6.7,0
730695,3219,6,4.6,4,0.84,2,4.5,23.05,5.4,6.3,2022
380902,1284,3,2.3,5,0.44,2,3.5,66.39,5.8,6.6,0
474080,1721,3,2.4,3,0.61,2,4.4,47.47,6.4,8.2,2020
524985,1625,3,2.3,3,0.62,3,5.0,26.96,5.6,8.7,0
471842,1989,3,2.5,4,0.39,2,5.9,76.15,7.2,6.8,2019
685434,2680,6,4.5,0,0.71,1,4.9,13.89,5.2,7.9,0
409405,1419,3,2.6,19,0.45,2,5.2,15.53,7.0,7.6,0
715590,2552,5,3.5,8,0.77,3,5.8,31.11,7.6,9.1,0
532258,1789,4,2.8,0,0.13,3,0.5,10.99,6.4,8.0,0
569264,1957,4,3.4,7,0.88,1,2.9,43.94,6.6,10.0,0
638256,2340,5,4.2,35,1.1,2,3.1,28.33,6.6,8.0,0
726568,3377,7,5.0,11,0.44,2,5.8,9.86,6.7,4.6,1995
453657,1701,3,2.0,65,0.6,1,6.6,29.24,6.3,9.0,0
540009,2144,5,3.5,12,0.42,2,2.0,2.95,6.3,8.4,0
359097,1445,2,1.9,49,0.08,3,8.8,8.4,6.3,8.3,0
460424,1695,5,4.1,3,0.17,2,6.4,35.19,6.8,5.0,0
363115,1439,2,1.5,5,0.49,0,2.2,23.06,5.9,8.6,2014
572617,2371,5,4.5,18,0.22,2,3.1,36.77,6.3,8.5,0
584981,2498,5,3.9,65,1.23,2,4.3,20.57,8.0,4.9,0
581917,2681,5,3.4,26,0.65,0,8.2,36.99,9.5,8.1,0
481932,1672,5,3.7,12,0.81,1,7.1,50.46,10.0,7.4,1999
597502,2556,5,3.8,1,0.17,1,2.2,48.0,6.7,7.0,0
561629,2279,5,3.8,7,0.35,2,9.2,21.54,5.0,6.9,0
506318,2160,4,3.4,1,0.17,1,4.9,15.72,6.1,4.1,0
391981,1331,3,2.0,6,0.75,1,9.5,7.91,6.7,6.9,0
563619,2307,4,2.6,4,0.13,3,5.2,19.24,8.1,8.2,0
573948,2329,5,3.9,7,0.52,3,1.9,24.4,5.4,5.8,0
529937,2271,5,3.6,27,0.12,1,6.3,34.57,6.3,6.9,0
565775,2480,5,4.5,2,0.31,1,14.3,5.13,5.0,6.2,0
677869,2686,7,5.0,5,0.35,2,2.9,34.43,9.0,6.4,0
400222,1431,3,2.1,5,0.87,1,2.3,20.44,7.3,4.2,2017
515619,2048,4,3.4,5,0.63,1,3.8,6.35,6.0,8.0,0
626726,2561,5,4.0,7,0.46,1,6.5,24.65,6.6,7.0,0
507301,2012,4,3.2,4,0.2,3,16.6,29.63,4.5,5.8,0
606250,2872,5,3.7,43,0.21,3,9.4,35.32,7.2,8.8,0
594315,2263,5,3.9,8,0.27,2,1.9,23.38,7.1,8.3,0
281768,832,2,1.0,2,0.36,2,11.2,56.65,3.8,6.9,0
708771,2788,6,4.9,9,0.36,2,6.4,16.12,5.4,8.9,0
568449,2118,5,2.7,3,0.66,2,6.3,41.44,6.1,9.4,0
325548,961,2,1.4,4,0.29,2,4.0,25.26,6.1,5.6,1999
513680,2023,3,1.8,5,0.63,2,3.5,55.03,5.7,5.3,0
383883,1312,3,2.1,2,0.48,2,4.9,15.3,6.7,3.7,0
608463,2727,6,4.5,19,0.22,0,12.7,30.6,8.6,5.9,0
520505,2175,5,3.4,24,0.52,1,1.3,25.26,7.2,6.4,2023
430605,1553,2,1.0,8,0.4,3,6.7,33.27,8.3,4.6,1992
619205,2768,5,3.8,18,0.1,1,5.7,29.14,7.0,5.7,0
543685,2521,4,3.6,7,0.15,1,4.9,19.34,6.0,8.1,0
466491,2035,3,2.1,3,0.56,2,9.0,27.13,6.2,7.4,0
402284,1328,3,2.5,8,0.28,1,1.4,65.29,7.7,5.9,0
537825,1610,4,3.5,12,0.44,0,11.3,7.46,7.3,8.9,0
493270,1600,3,1.7,1,0.71,1,0.5,22.44,8.5,5.0,0
625227,2723,5,3.6,16,0.35,2,4.0,21.02,6.5,7.8,1999
315618,1023,2,1.1,20,0.74,1,1.2,41.51,4.4,6.7,0
473069,2167,5,3.5,29,0.16,2,3.8,71.36,6.2,7.1,1993
557220,2025,5,4.3,2,0.73,1,12.0,50.54,4.3,7.5,2009
710513,2925,6,4.6,0,0.22,0,3.3,20.91,6.3,8.8,0
598540,2363,5,4.0,1,0.47,2,2.0,7.75,4.7,8.1,0
572243,2575,4,3.0,39,0.61,2,10.9,11.63,6.4,8.6,0
489397,1832,4,2.6,22,0.98,2,5.6,54.36,6.7,5.5,0
518187,1338,4,3.2,27,1.32,0,3.9,8.59,6.3,6.6,0
526749,1972,5,4.1,11,0.17,1,2.4,7.73,6.1,5.6,0
649400,2744,6,4.6,11,1.07,2,5.2,8.11,5.9,5.0,0
645582,2742,6,4.6,5,0.5,1,4.0,26.02,8.2,8.4,0
402153,1899,3,1.9,28,0.26,2,6.5,35.28,6.9,4.1,0
493014,1597,3,2.5,27,0.83,2,1.0,9.81,4.2,6.1,0
455936,1460,3,2.7,7,0.55,2,5.6,30.19,6.7,6.2,0
525888,2104,4,3.1,6,0.44,2,9.4,36.14,8.8,6.7,2015
473971,2296,5,3.2,20,0.44,2,0.8,17.08,5.8,5.3,0
712287,3231,7,5.0,0,0.91,1,13.7,15.36,5.9,5.9,0
595922,2286,5,3.5,29,0.53,2,2.3,46.11,7.4,9.8,0
623503,2630,5,3.9,9,0.58,2,1.2,58.04,5.2,6.6,0
458118,1654,3,2.5,9,0.68,0,3.6,15.05,4.7,5.7,2004
485658,2229,4,3.3,17,0.23,1,1.8,27.05,4.2,7.4,0
591269,2298,5,3.2,16,0.62,1,2.1,19.81,7.5,7.1,0
515564,2102,3,2.3,5,0.5,2,3.6,44.71,7.8,9.9,0
528012,2185,4,3.0,43,0.84,1,3.0,12.02,5.6,6.6,0
523148,2288,5,4.2,64,0.61,3,3.8,27.84,4.8,7.7,2018
610255,2537,5,3.9,11,0.16,2,14.3,10.53,7.8,5.2,0
699323,3018,6,4.9,12,0.27,3,0.8,29.21,6.3,5.9,2008
295270,800,1,1.0,12,0.64,2,2.6,37.07,3.5,6.1,0
705331,2980,6,4.5,10,0.38,1,6.2,14.27,7.1,4.8,0
311136,1002,2,1.6,44,0.28,1,4.6,8.16,6.9,7.1,2011
566236,2416,5,4.2,4,0.22,2,5.7,24.1,8.6,7.4,0
852530,3849,7,4.9,2,0.34,2,5.0,25.24,7.8,7.2,0
495398,2170,4,3.3,40,0.42,0,3.9,29.19,7.8,4.6,1995
586987,2326,5,3.6,4,0.36,3,0.6,2.35,5.2,5.6,0
464517,1983,4,2.7,21,0.54,2,11.5,27.62,4.5,6.4,0
654035,2667,6,4.8,3,0.18,1,2.6,12.48,7.3,5.2,2017
535676,2454,4,2.7,48,0.36,2,1.5,33.72,6.5,3.9,0
445044,1727,3,2.4,23,0.44,2,4.6,37.33,7.5,8.4,2000
519451,2120,5,3.6,38,0.55,1,17.9,65.01,6.7,9.3,0
417632,1417,3,1.5,45,0.42,1,7.7,3.27,8.7,8.7,0
506860,2117,4,3.1,1,0.34,1,8.9,16.33,5.9,7.4,2011
448498,1906,4,3.0,9,0.24,2,27.9,30.78,6.6,6.1,0
570425,2296,5,3.2,16,0.51,2,5.7,35.49,5.6,10.0,0
547164,1703,5,3.5,24,0.41,2,1.3,18.23,5.2,8.6,1995
508473,2050,4,2.5,4,0.36,2,2.8,32.69,8.5,5.8,2017
606067,2206,5,4.0,37,0.37,1,2.9,17.07,6.3,9.3,0
589182,2255,4,3.4,4,0.2,2,1.1,13.49,10.0,7.2,2013
543804,2392,5,4.0,30,0.41,3,3.7,14.94,4.5,9.0,2015
490425,2078,5,4.0,11,0.26,2,10.9,26.3,6.6,9.4,0
456449,1649,4,2.8,11,0.37,3,12.6,22.02,6.7,6.0,0
632178,2257,5,3.9,7,0.44,2,2.3,31.05,8.4,6.8,0
530403,2075,4,3.0,2,0.29,1,12.1,53.98,5.2,7.4,0
620911,2917,5,3.8,6,0.1,2,6.5,67.9,5.6,7.1,0
668335,3006,6,4.8,8,0.86,1,1.6,28.03,4.4,5.5,1990
398787,1240,2,1.9,10,0.22,2,0.5,7.08,8.7,7.2,2007
575462,2632,5,3.6,20,0.42,2,6.7,67.0,3.9,6.6,0
702482,2772,6,4.1,7,0.5,2,5.2,7.46,6.7,6.6,0
393869,1258,2,1.4,8,0.62,1,4.3,54.71,10.0,4.6,1990
596213,2606,5,3.7,35,0.11,2,1.1,72.82,8.2,6.7,0
704677,2827,5,3.8,21,0.33,3,1.2,10.99,8.3,10.0,0
471588,1535,2,1.7,0,0.78,0,2.8,56.62,9.1,7.7,1991
466714,2035,4,2.4,25,1.03,2,1.9,36.59,6.8,6.5,0
496693,2330,5,3.5,69,0.3,1,6.4,7.56,6.8,7.8,2019
551703,2599,5,3.5,42,0.47,0,5.9,24.14,6.5,9.1,0
387075,1508,3,2.6,27,0.25,3,2.6,24.8,6.4,5.9,0
688119,3010,7,5.0,15,0.42,1,4.4,74.87,5.6,9.5,1991
281865,800,2,1.3,5,0.66,2,10.7,45.03,8.6,5.4,0
655595,3127,6,4.7,16,0.25,2,7.2,12.17,5.7,6.4,0
588587,2585,5,3.6,18,0.45,1,2.7,35.35,6.1,6.3,1996
468291,1765,4,3.0,5,0.59,2,7.3,8.34,4.5,8.8,0
635974,2805,6,5.0,4,0.51,0,9.8,17.7,7.7,5.3,0
456203,1467,3,2.8,8,0.14,1,8.9,28.89,8.9,8.6,0
544661,2280,5,3.6,15,0.49,3,2.2,3.86,3.2,6.7,0
634854,2367,5,3.7,5,0.16,3,2.6,16.94,8.8,7.2,0
570421,2365,5,3.6,12,0.09,2,0.8,31.06,7.6,8.8,2003
416435,1612,3,1.7,34,0.19,1,6.7,41.76,8.4,7.7,0
483981,1853,4,3.3,5,0.23,2,12.3,5.52,7.1,8.9,0
557327,2289,5,4.5,51,0.2,2,7.3,34.24,7.4,8.6,0
455052,1691,3,2.1,10,0.41,0,5.2,39.79,7.0,10.0,2007
616662,2390,5,3.5,2,1.06,1,13.6,41.05,5.0,8.7,0
489255,1770,4,2.9,1,0.35,2,5.5,12.8,6.3,7.2,0
693247,2900,7,5.0,6,0.47,2,17.1,23.07,5.8,7.1,0
798236,3294,7,4.9,4,0.66,0,7.8,14.27,8.1,9.6,0
532499,1992,4,2.9,28,0.95,1,4.2,17.41,6.1,7.5,0
669648,2844,6,4.8,20,0.41,2,0.6,17.93,7.2,7.8,2012
506792,2051,4,3.0,32,0.19,2,1.2,16.73,4.9,8.8,0
413132,1544,3,2.6,13,0.84,1,14.2,24.76,9.3,6.5,2005
466224,1902,3,2.4,9,0.3,2,5.0,58.41,6.9,5.7,0
573634,2260,4,2.7,5,0.79,2,11.5,32.89,4.5,7.9,2003
368661,949,2,1.3,13,0.59,0,11.4,38.65,8.0,6.3,0
680771,2638,5,3.8,14,0.64,2,5.6,41.07,6.9,9.4,1997
499098,2260,4,2.7,7,0.72,1,12.6,14.62,7.7,3.4,0
677720,2900,7,4.9,41,0.53,2,8.2,32.38,10.0,6.3,0
597994,2626,5,3.4,15,0.3,1,11.3,17.0,8.2,7.5,0
573722,2284,4,3.2,27,0.64,1,5.4,40.79,8.1,6.1,2015
463946,1951,3,2.1,15,0.19,2,4.1,43.18,6.0,9.3,2021
779743,3266,6,4.9,6,0.74,2,3.0,24.04,6.7,7.5,0
769410,3719,7,5.0,20,1.11,1,2.1,42.3,6.0,6.2,0
454557,1963,3,1.5,4,0.19,1,5.8,45.95,4.5,7.6,0
608627,2930,5,3.7,14,0.11,3,2.2,19.58,5.9,5.1,0
410207,1705,3,2.7,8,0.61,1,7.2,57.15,8.2,8.0,2001
508015,1789,4,3.0,2,0.44,2,3.2,16.37,7.1,9.2,0
479927,1930,5,3.3,8,0.13,0,4.3,43.61,4.8,7.0,0
660582,2679,6,4.0,6,0.14,2,8.3,46.43,6.3,7.2,0
374693,1448,3,2.6,2,0.55,0,10.6,24.39,5.3,5.5,0
680320,3285,6,4.3,26,0.48,1,3.4,25.41,7.2,6.1,2020
638607,2857,6,5.0,10,0.15,2,1.8,17.53,5.5,8.8,0
696640,2663,6,4.7,6,0.84,1,6.9,18.57,5.7,7.0,0
513680,1994,4,2.8,11,0.61,2,6.4,51.05,4.6,10.0,0
647341,2781,6,4.9,21,0.36,1,12.6,9.57,9.0,8.1,0
319339,800,3,2.0,0,0.3,1,3.1,48.06,6.4,5.5,2014
546521,2509,5,3.3,12,0.31,2,3.0,58.0,6.3,10.0,0
449686,2312,4,2.7,10,0.23,0,7.5,64.53,7.0,5.0,0
331553,880,2,1.7,34,1.2,1,5.3,8.3,7.1,6.6,0
606894,2484,5,4.1,12,0.34,1,10.3,9.62,5.5,7.4,0
524957,2614,4,2.9,2,0.52,0,6.4,20.0,6.9,7.7,2015
314892,902,2,1.0,7,0.18,0,7.2,41.27,6.6,6.3,2001
396173,1369,2,1.0,15,0.32,1,3.9,34.46,8.0,7.2,0
753773,3645,7,4.9,1,0.44,0,5.3,10.38,7.6,9.2,0
535750,2070,5,3.4,32,0.43,2,8.7,12.57,6.5,9.2,2011
697792,2883,6,4.6,1,0.05,0,0.6,62.15,6.5,9.9,0
656281,2989,7,5.0,0,0.34,2,17.7,2.11,6.2,5.9,2011
596294,2476,4,3.2,0,0.7,2,2.9,31.48,6.7,7.6,0
721848,2912,5,3.4,17,0.14,1,5.8,3.06,6.5,7.9,0
380519,800,3,2.0,9,1.3,0,3.7,15.11,6.7,4.4,0
485218,2039,4,2.9,2,0.45,0,11.2,27.75,4.3,6.7,0
284031,800,2,1.6,29,0.5,2,5.8,71.12,5.5,8.0,0
357253,978,3,2.7,3,0.14,2,24.9,24.33,8.7,6.9,0
471642,1818,3,2.1,6,0.45,2,10.6,41.28,5.5,6.1,0
437399,1734,4,3.5,3,0.44,2,8.1,25.87,6.3,7.7,0
492440,2229,5,4.4,39,0.15,1,0.5,17.04,6.8,9.0,0
527779,2186,4,2.9,21,0.76,2,1.5,29.09,6.2,7.5,0
506053,2294,5,3.6,19,0.23,1,4.8,52.33,5.7,3.9,0
614644,2322,5,3.6,1,0.36,3,10.5,17.6,7.9,9.0,0
518317,2433,4,3.0,11,0.78,1,4.0,13.29,4.9,5.2,1992
365631,1529,3,2.1,13,0.17,1,11.2,37.93,3.4,5.4,0
469399,1693,3,2.5,7,0.22,2,3.9,31.53,8.4,7.5,0
529175,2174,5,3.3,6,0.39,2,1.9,47.46,4.6,7.6,1999
502422,2185,4,2.8,29,0.42,2,6.6,28.3,7.6,6.2,0
474562,1443,5,3.8,0,0.55,2,3.0,44.72,5.9,8.2,0
751058,2957,6,4.8,15,1.1,2,3.5,11.04,8.8,7.1,0
657175,2707,6,5.0,8,0.83,3,6.0,44.63,6.1,4.8,0
418824,1598,4,2.6,16,0.61,2,4.2,40.18,5.7,5.6,1993
569124,2054,4,2.8,3,0.53,1,4.9,16.65,7.8,6.7,0
718666,3607,7,4.6,4,0.29,2,15.8,37.23,8.4,7.2,0
489764,2312,4,2.7,13,0.1,3,8.3,35.27,8.9,6.3,2007
569074,2477,5,3.2,59,1.69,2,2.1,26.02,2.7,4.3,0
394116,1774,4,2.8,55,0.29,3,16.3,31.25,3.5,6.0,2020
508818,1981,4,2.9,4,0.29,1,4.0,39.73,4.9,8.1,0
690076,3258,6,4.6,2,0.17,3,6.1,2.67,4.8,7.2,2023
577407,2279,4,2.9,13,0.55,1,6.9,35.2,5.8,8.5,0
601233,2150,5,3.9,8,0.3,1,16.8,6.1,6.6,8.3,2009
531702,2205,4,3.0,22,0.88,2,0.5,58.58,6.8,4.5,0
844610,3982,7,4.9,11,0.92,2,7.3,36.76,7.3,6.1,0
498486,2228,5,3.2,11,0.32,1,6.6,9.01,5.5,8.1,2000
447965,1619,3,2.4,16,0.8,3,9.2,52.52,6.4,7.8,2011
475996,1741,3,2.7,2,0.39,3,3.0,27.95,6.4,7.8,2000
615188,2747,5,4.5,17,0.22,2,6.1,15.5,6.5,8.6,0
382665,1200,3,2.5,10,0.21,1,5.2,20.43,5.7,9.0,0
572796,2515,6,4.9,26,0.52,0,4.2,25.84,6.8,4.5,0
422275,1693,3,2.4,2,0.3,2,4.8,4.35,4.9,6.5,2009
359413,899,2,1.6,5,0.49,2,1.7,44.47,9.1,8.1,0
381805,1514,3,2.3,45,0.56,1,8.6,5.64,5.2,8.3,0
608228,2219,4,3.0,12,0.36,2,1.1,9.27,7.1,9.7,0
730770,3177,7,5.0,40,0.29,2,1.2,15.67,6.0,9.3,0
661447,2839,6,4.3,18,0.32,2,13.2,18.45,5.8,8.8,0
536563,1994,5,3.7,39,0.77,2,4.6,45.14,4.2,6.4,0
644975,2881,6,4.1,6,0.18,2,7.4,13.6,5.7,8.4,0
478546,1950,3,2.4,1,0.18,1,11.7,71.36,6.1,10.0,2021
425779,1173,3,2.0,24,0.28,1,2.7,14.28,5.6,9.3,0
564143,2215,5,3.8,24,0.79,3,7.2,23.89,7.5,7.7,0
339385,1146,2,1.7,14,0.81,1,9.2,39.48,9.0,9.3,1994
624849,2754,5,3.9,13,0.54,3,5.9,32.62,6.4,7.4,0
653520,2764,5,4.0,37,0.72,0,3.7,18.34,7.3,7.4,0
427427,1584,3,2.2,3,0.27,2,7.2,19.13,8.4,6.8,0
530399,2302,5,3.9,14,0.18,1,2.8,15.56,4.9,5.0,0
574516,2295,4,2.9,1,0.45,3,7.2,23.24,9.2,8.5,0
649902,2810,5,3.2,2,0.57,3,0.8,32.06,4.5,7.0,0
383226,1328,2,1.7,9,0.88,1,6.8,24.07,6.5,7.3,0
580493,2620,6,4.6,26,0.15,1,6.8,3.94,7.5,7.9,0
372591,1278,2,1.8,20,0.38,2,5.6,25.95,8.8,6.2,0
610933,2744,6,4.5,55,0.23,2,2.8,23.68,6.5,8.4,0
704841,2944,6,4.0,1,0.07,2,1.3,33.04,6.7,6.9,2020
485596,1731,3,2.2,7,0.4,2,0.5,37.69,8.9,6.9,0
589775,3053,6,4.8,3,0.53,0,11.9,37.16,4.2,2.3,0
351047,1098,2,1.6,1,0.33,2,2.1,30.97,5.0,7.3,0
692784,2970,6,4.5,5,0.35,2,2.7,24.37,4.7,5.7,0
691719,3207,6,4.0,4,0.35,1,1.4,12.79,4.9,6.6,0
532665,2442,5,3.4,8,0.14,2,9.8,10.98,5.1,6.0,2009
522562,2063,3,2.4,2,0.34,3,3.5,35.97,8.3,6.0,1991
567892,2419,5,3.3,10,0.1,2,5.9,8.51,8.8,6.8,0
479469,1777,3,2.2,38,0.56,1,1.5,16.12,7.1,7.8,0
841027,4037,7,5.0,21,0.23,1,6.2,21.26,8.0,9.4,2002
486992,1789,4,3.3,28,0.79,2,2.6,11.04,7.7,7.3,0
727207,3122,7,5.0,25,0.05,1,8.6,16.01,6.5,6.4,0
474487,1681,3,2.5,7,0.78,3,10.0,43.72,7.9,6.6,0
668683,3318,7,5.0,19,0.22,1,2.5,11.07,7.6,8.5,0
821790,3609,7,5.0,21,0.93,2,7.2,7.73,7.5,7.7,0
485823,2470,4,2.8,3,0.56,1,13.3,3.3,6.6,5.2,0
609001,2401,5,3.5,30,0.87,2,2.8,53.95,6.8,6.1,0
397744,1530,3,2.4,9,0.37,0,24.5,9.83,6.2,7.1,0
407193,1447,2,1.3,0,0.66,1,2.5,29.93,3.9,6.8,0
566249,2409,5,3.6,15,0.43,2,6.3,45.47,6.4,6.2,0
702111,3221,7,5.0,17,0.14,2,18.6,19.66,6.6,6.7,0
476557,1816,4,3.5,12,0.21,2,5.2,17.48,5.2,7.4,0
800749,3746,7,5.0,4,0.91,0,4.5,46.34,5.8,7.6,0
453132,1773,3,2.0,10,0.36,1,9.2,36.03,7.6,7.1,0
478786,2361,4,3.0,8,0.4,2,8.4,45.81,7.8,8.4,0
555265,2362,5,4.2,55,0.31,2,3.6,22.81,4.0,7.7,2017
532370,2129,5,3.9,26,0.24,1,0.7,43.09,5.5,5.5,0
305161,800,2,1.0,22,0.28,1,4.7,45.92,7.7,6.5,0
456658,1767,3,2.0,3,0.37,0,5.5,22.28,4.6,6.8,2007
598023,2340,5,3.5,6,0.31,1,9.1,46.58,6.3,6.8,0
568509,2133,6,4.9,7,0.78,0,6.8,20.71,4.6,5.8,2017
609101,2645,5,4.1,10,0.29,2,3.8,20.0,5.2,6.2,0
667117,2730,6,4.3,0,0.84,3,5.9,55.48,7.0,8.4,2012
445886,2032,4,2.8,13,0.28,1,1.0,27.97,7.4,5.5,0
463969,1526,3,2.3,7,0.37,2,5.6,15.95,8.1,6.6,1993
745032,3284,7,5.0,12,0.25,2,6.4,20.1,10.0,8.9,0
342016,1251,2,1.2,0,0.38,3,3.8,22.87,6.2,6.9,0
516804,1783,4,2.9,6,0.35,2,7.4,11.17,6.3,10.0,0
419085,1605,2,1.1,22,0.62,2,15.3,40.95,8.4,9.4,1995
628210,2723,6,4.9,10,0.36,2,4.9,27.28,8.2,3.8,0
716835,3122,7,4.7,23,0.91,2,8.8,23.83,7.3,5.4,2020
439904,2078,4,2.5,18,0.24,1,12.4,17.25,5.9,7.1,1999
598042,2361,5,3.9,29,0.49,1,1.9,32.35,7.6,6.5,0
655916,2500,5,3.4,0,0.55,3,1.5,9.71,5.6,8.1,0
834464,3463,7,5.0,5,0.73,2,3.4,6.01,5.5,8.0,0
271880,958,2,1.5,12,0.24,0,12.8,32.5,6.9,4.8,0
675016,2721,6,4.7,42,0.69,2,4.9,31.91,9.6,8.8,0
594816,2464,5,3.7,17,1.16,1,4.1,9.4,6.1,9.9,2021
468125,1940,4,3.5,9,0.64,1,2.6,61.94,6.6,5.0,2009
499952,2428,3,2.2,2,0.21,2,1.7,15.07,4.1,6.4,0
645412,2719,6,4.9,10,0.32,2,2.6,38.73,5.1,6.5,0
608957,2608,5,3.8,9,0.42,2,4.0,15.09,7.0,8.9,0
773206,3711,7,5.0,23,0.27,1,3.1,28.27,7.2,9.3,0
617470,2289,5,4.1,8,0.79,3,3.6,34.14,9.4,6.4,0
505975,2219,4,3.0,6,0.15,3,11.8,24.62,4.9,6.3,0
519146,2073,5,3.9,1,0.23,0,3.1,14.78,6.7,8.5,2008
663271,2587,5,3.7,1,0.29,1,1.8,13.02,5.8,6.7,0
569381,2178,5,3.7,9,0.65,0,8.1,10.08,6.9,7.3,0
611148,2209,4,2.6,6,0.41,2,3.6,12.13,5.7,8.4,0
518172,2212,4,2.8,12,0.6,2,3.8,25.04,3.9,8.1,0
516437,2106,4,3.6,19,0.4,2,2.6,53.87,7.5,7.4,0
483049,1774,4,2.6,1,0.46,2,4.8,22.57,5.4,5.0,2022
606947,2493,5,3.6,10,0.3,2,13.4,69.0,6.1,7.9,0
537650,2000,3,2.2,30,0.52,2,11.7,11.79,6.6,8.5,2023
603070,2630,4,3.0,9,0.64,1,6.7,3.61,6.5,8.1,2002
458282,2278,4,3.1,11,0.21,1,3.0,64.57,2.0,4.9,0
484074,1929,4,2.9,10,0.31,1,7.2,37.89,4.1,8.2,0
744053,3295,7,5.0,7,0.47,2,15.0,40.11,6.1,5.9,0
561551,2128,5,4.1,2,0.51,1,7.5,10.16,10.0,3.4,2008
611775,2636,5,4.1,2,0.2,1,5.9,23.28,5.1,6.8,0
473188,1710,2,1.4,3,0.87,0,1.8,35.99,5.9,5.3,0
344824,800,2,1.7,24,0.37,2,7.4,41.44,8.5,7.0,0
515516,1803,4,2.7,5,0.32,3,8.4,28.72,7.6,5.1,0
366842,800,2,1.3,44,1.25,2,5.4,7.24,7.1,6.7,0
552317,2034,4,2.6,25,0.51,2,0.8,7.1,6.7,4.6,0
653886,3228,7,5.0,17,0.56,2,8.9,54.46,3.6,6.0,0
492149,1566,3,2.0,19,0.44,2,6.7,28.77,4.1,7.5,0
373734,800,2,1.0,1,0.38,1,6.0,22.35,5.1,9.7,0
714138,3250,7,5.0,13,0.53,1,6.7,32.95,5.9,6.6,0
450058,1867,3,1.7,42,0.17,0,2.1,58.21,8.3,7.0,2022
547625,2189,4,3.4,1,0.41,2,3.4,50.86,6.5,8.2,0
642734,2752,6,4.3,5,0.25,1,5.5,55.05,5.5,7.6,0
635743,2566,5,4.0,1,0.26,2,4.0,34.13,6.1,7.7,0
672825,2725,6,4.4,13,0.15,1,5.2,26.37,8.6,8.0,2010
631489,2830,6,4.1,2,0.26,1,2.8,46.91,6.7,6.4,0
388062,978,2,1.9,10,0.27,3,4.4,14.73,7.5,5.8,0
332087,1210,3,2.3,19,0.08,1,17.0,30.1,5.8,7.4,0
704520,3020,6,5.0,3,0.84,2,5.2,20.77,3.6,3.5,0
417845,1653,3,2.1,21,0.59,0,3.8,31.1,7.5,3.9,0
431023,1729,3,2.1,1,0.19,0,1.8,2.51,7.0,9.2,0
417434,1316,3,2.6,2,0.22,2,7.1,19.57,8.0,8.7,0
533541,1917,4,3.3,5,0.18,2,5.2,10.97,6.6,6.0,0
485230,1955,5,3.8,24,0.3,1,5.9,64.24,10.0,5.2,2006
477801,1544,3,3.3,28,0.29,2,2.4,14.92,5.1,7.8,0
438908,1463,3,2.2,4,1.2,2,4.1,40.67,4.9,8.1,0
602161,2423,5,3.4,2,0.3,1,4.6,13.78,6.2,5.7,0
413234,1635,3,1.9,28,0.49,1,6.6,43.39,6.1,6.8,1992
416925,1776,4,2.9,16,0.23,2,17.4,39.68,6.2,4.3,2016
285305,800,1,1.2,3,0.62,2,6.4,31.89,6.4,6.3,0
741428,3557,6,4.4,12,0.29,1,7.2,9.16,6.0,6.6,0
609967,2859,6,5.0,31,0.15,1,2.3,17.76,5.7,7.2,2003
512364,1854,4,3.1,1,0.26,1,1.0,9.98,5.0,10.0,1993
437859,1571,3,2.6,1,0.25,1,6.6,3.6,7.3,5.2,1993
563902,2208,4,3.1,5,0.52,1,3.4,38.28,8.3,9.3,0
571701,2188,4,3.1,16,0.39,3,4.9,58.49,10.0,6.1,0
300613,1307,2,1.7,3,0.45,2,2.2,80.2,7.1,6.0,2022
319752,800,1,1.0,25,0.67,2,2.4,50.79,8.2,8.6,0
407717,1832,4,2.8,21,0.12,1,23.7,33.62,6.8,6.0,2001
341827,1106,2,1.6,12,0.34,0,9.0,14.39,7.6,5.7,2004
560209,2320,5,4.3,2,0.29,0,5.4,33.52,6.4,7.9,0
572973,2325,6,4.0,67,0.52,2,3.5,53.61,6.1,7.7,0
376548,1519,3,1.6,10,0.49,1,23.6,28.74,6.1,6.2,0
525129,1826,4,2.9,9,0.11,1,4.6,12.71,9.3,9.7,2016
679968,3434,6,4.8,81,0.49,0,6.4,46.39,9.2,6.2,0
593083,2743,6,4.5,30,0.25,2,12.8,16.58,5.2,4.6,0
488415,1883,4,2.6,9,0.77,2,2.5,8.24,7.3,5.2,0
759647,3804,7,5.0,8,0.36,1,11.5,12.36,6.1,5.2,0
417779,1362,3,1.7,2,0.24,2,11.3,9.11,9.2,6.4,0
439117,1631,4,3.2,39,0.77,2,1.2,17.24,4.7,9.1,1990
482215,2123,5,3.7,28,0.22,1,6.8,31.89,8.2,4.3,0
399613,1128,2,1.5,6,0.66,1,4.3,30.87,6.7,9.6,0
801886,3453,7,5.0,21,0.53,2,2.9,18.53,3.7,5.9,0
581240,2328,4,3.1,22,0.79,1,5.4,21.56,9.4,6.1,2014
471114,1647,4,2.8,4,0.54,2,10.6,5.92,3.9,5.8,0
622631,2513,4,3.3,14,0.7,0,6.5,10.6,5.0,6.2,0
556398,2302,3,2.5,4,0.43,2,1.3,28.41,4.6,6.6,2001
546943,1987,4,2.5,23,0.91,1,6.3,26.27,8.5,6.8,0
418412,1354,3,2.2,3,0.37,2,3.6,20.73,5.6,7.4,0
297573,1195,2,1.2,17,0.15,3,6.1,13.04,4.8,3.8,0
794550,3731,7,4.9,6,0.16,2,10.7,5.98,7.4,6.8,2012
421020,1253,2,1.7,1,0.11,1,10.9,14.63,4.8,7.7,0
815646,3389,6,4.4,2,1.04,1,3.2,26.35,7.2,6.9,2023
482187,1609,3,2.2,16,0.39,2,2.3,0.58,7.0,6.6,1994
602270,2753,5,3.5,4,0.1,2,4.7,18.39,6.9,6.2,2014
577726,2526,6,4.6,15,0.54,1,6.0,19.3,3.6,8.6,2013
623178,2666,5,4.0,8,0.31,3,2.6,31.9,8.2,7.7,0
633492,2712,5,4.4,18,0.79,2,13.8,49.06,8.7,6.7,0
359061,1072,2,1.4,10,0.57,1,4.7,36.87,7.9,7.8,0
490444,1727,3,1.8,6,0.52,2,18.9,26.41,7.6,8.4,0
329847,1242,2,1.3,2,0.27,2,4.1,14.12,6.2,4.9,0
612878,2333,4,3.3,6,1.08,2,6.0,30.52,9.1,7.7,0
344668,1274,2,1.3,15,0.45,1,2.3,13.34,4.4,5.7,2018
352453,813,2,1.1,20,0.57,2,9.4,16.55,3.1,8.9,0
533906,2034,4,2.8,3,0.23,2,8.3,18.25,8.4,5.6,0
291861,800,2,1.3,16,0.33,2,2.3,17.62,3.9,6.9,0
583100,2381,4,2.7,3,0.14,1,6.0,29.92,8.1,7.4,1992
340108,1320,3,2.3,4,0.33,3,7.0,31.34,4.4,4.2,2005
403103,1612,4,3.0,11,0.5,2,8.0,18.79,7.5,3.9,0
246013,800,1,1.0,5,0.11,3,15.3,41.06,5.4,6.4,1996
635007,3355,7,5.0,16,0.16,1,20.4,67.63,7.1,9.5,0
335943,1176,2,1.7,47,0.23,3,5.9,44.19,8.6,6.7,2004
487617,1945,4,2.9,2,0.21,2,10.4,47.37,5.2,7.7,0
312122,946,2,1.2,13,0.18,3,3.2,16.41,9.0,2.3,0
389405,1615,2,1.3,39,0.27,1,16.6,21.93,6.5,8.2,0
749480,3426,7,4.8,3,0.49,2,4.2,34.34,6.7,7.7,1991
547184,2408,6,5.0,7,0.14,0,7.4,67.15,8.3,8.0,1996
462005,1693,4,3.0,2,0.17,1,4.9,22.59,8.5,7.1,2020
435197,2176,3,2.0,15,0.45,1,11.6,38.84,6.4,5.1,0
477878,1808,4,2.9,17,0.7,3,0.9,36.16,4.2,5.9,1993
598222,2135,5,3.0,16,1.03,2,3.2,7.59,6.6,5.6,0
581130,2721,6,4.9,12,0.17,1,7.3,9.93,4.2,7.8,2011
443393,1968,3,2.7,21,0.22,3,13.9,51.21,6.4,6.6,0
620107,2354,5,3.8,1,0.2,2,1.2,44.6,6.0,8.2,0
655474,2366,6,4.6,47,1.37,3,7.0,25.49,4.3,7.9,2000
527188,1972,4,2.6,4,0.3,3,3.0,13.51,5.2,9.6,1990
598503,1685,3,1.9,2,1.23,2,1.5,12.35,8.4,7.2,0
430143,1832,4,2.5,42,0.49,1,7.1,6.19,6.0,6.7,0
618711,2689,6,4.5,27,0.69,3,16.0,34.93,5.8,7.1,2003
566281,2748,5,4.1,22,0.49,1,5.6,8.27,7.3,3.0,0
427639,1404,2,1.4,2,0.34,2,9.4,12.36,9.0,6.4,0
621134,2017,5,3.9,25,0.33,2,2.6,24.96,5.6,7.9,0
489987,1673,3,2.5,14,0.09,1,1.2,51.36,8.3,6.5,0
674818,2760,6,4.0,20,0.58,2,2.8,32.94,6.5,6.6,0
476694,1870,5,4.3,57,0.81,1,6.0,52.0,9.4,6.5,1999
796592,3741,7,5.0,3,0.11,1,4.6,38.5,8.1,9.4,0
590443,2353,5,3.9,11,0.26,0,1.7,54.28,6.0,7.4,2013
707916,3027,6,4.8,21,0.18,2,2.2,8.71,6.9,6.8,0
466199,1490,3,2.5,9,0.72,1,8.4,19.52,5.3,10.0,0
539567,2208,5,3.8,1,0.15,2,13.3,24.15,6.7,5.0,0
651803,2631,5,4.2,2,0.4,2,6.6,15.85,5.3,6.0,0
440236,1477,2,1.4,14,0.88,2,5.4,51.94,5.5,5.4,0
510199,2214,4,3.1,5,0.32,2,3.0,20.78,8.3,5.8,0
714177,2936,6,4.9,2,0.42,2,0.5,46.38,6.8,8.9,0
490724,1971,4,2.2,6,0.17,1,11.4,23.63,7.0,5.5,0
438207,1604,3,2.4,3,0.38,1,4.8,13.36,5.8,7.0,2006
774389,3462,7,5.0,0,0.24,2,21.5,22.06,6.0,7.7,0
387211,1380,2,1.0,2,0.36,2,4.1,55.01,6.0,8.0,0
610168,2309,5,3.8,32,1.17,1,5.7,36.46,5.6,6.0,0
522962,1704,4,2.8,0,1.01,2,4.7,11.98,5.6,7.8,0
449649,1544,3,2.4,22,0.86,2,2.5,41.68,5.2,6.3,1991
620558,2719,6,4.5,21,0.39,2,10.4,39.12,4.4,7.0,0
565315,2056,4,2.7,12,0.35,2,1.9,22.4,6.4,5.4,0
610958,2484,5,4.1,4,0.2,3,4.7,22.93,5.1,5.0,2022
315761,800,2,1.4,32,0.48,2,2.6,36.62,9.0,7.5,0
606056,2552,5,3.8,10,0.13,2,4.0,24.08,4.5,10.0,0
446064,1696,3,2.6,3,0.38,2,7.2,38.44,5.9,6.5,0
322393,885,2,1.2,8,0.45,2,19.4,22.48,7.6,6.9,1995
702794,3519,7,5.0,3,0.17,1,11.1,34.37,3.3,7.9,0
662318,2621,6,4.4,7,0.52,2,6.7,25.25,7.7,8.6,2009
644190,2359,6,4.4,10,0.4,3,6.7,61.29,5.3,8.7,0
728976,3075,6,5.0,7,0.35,1,0.8,46.97,4.9,7.8,0
505756,2373,4,3.1,16,0.51,1,13.0,10.39,7.4,6.7,0
370969,1641,3,2.3,41,0.31,2,8.2,35.7,7.5,8.0,2023
515719,2078,4,3.2,6,0.32,2,8.8,1.98,4.8,7.6,0
409519,1725,3,2.4,7,0.33,1,0.5,29.65,6.0,6.9,0
460814,1850,4,2.5,20,0.3,2,6.2,31.11,8.3,8.4,0
429633,1320,3,2.9,11,0.05,2,2.6,10.71,5.8,7.6,1993
411480,1521,3,1.8,8,0.37,2,5.3,43.6,5.0,6.0,0
571631,2826,5,4.3,25,0.59,2,4.2,41.37,6.3,5.4,0
545957,2432,4,3.2,33,0.32,1,6.6,39.28,6.4,4.6,2001
463143,1848,4,3.1,13,0.32,2,5.7,39.69,6.1,5.6,1994
442715,1480,4,2.9,3,0.16,2,2.0,34.76,7.2,7.0,0
511751,1916,3,3.0,9,0.19,2,8.5,37.39,5.5,8.5,0
384018,1021,2,1.7,11,0.46,1,3.1,6.13,7.4,6.8,0
569802,2289,6,4.5,8,0.29,1,8.6,49.12,5.9,7.4,0
641772,2862,5,3.6,5,0.57,2,2.6,33.62,4.3,7.9,0
836207,3857,7,5.0,10,0.4,2,3.2,8.81,8.9,5.2,0
428755,1428,4,3.0,9,0.52,2,4.9,29.97,4.2,6.4,2004
627358,2833,5,3.5,4,0.25,2,5.1,21.82,7.7,5.3,0
418655,1705,3,2.5,35,0.48,3,4.7,15.49,6.3,6.5,0
412171,1410,3,2.1,32,0.15,2,2.5,71.03,6.5,7.4,0
413964,1410,2,1.8,21,0.6,2,20.7,32.37,5.2,7.1,0
586177,2299,5,4.0,8,0.43,2,3.0,19.8,5.8,5.8,1991
525700,1548,3,2.2,7,1.57,3,2.1,9.46,7.7,7.8,0
501158,1775,3,2.4,19,0.42,3,1.9,28.66,4.8,7.4,0
531117,1892,4,3.2,14,0.37,2,2.6,20.3,5.7,7.6,2008
471140,1682,4,2.6,14,0.39,1,1.5,23.98,8.1,7.2,2019
491611,1631,3,2.8,2,0.52,2,7.2,24.93,5.6,5.9,0
284038,800,1,1.0,14,0.29,2,3.1,17.26,6.5,5.2,0
518220,2261,5,4.0,35,0.46,2,6.6,29.2,6.7,7.6,0
589759,2247,5,4.0,1,0.42,1,2.9,3.9,5.2,7.6,0
487887,1642,3,1.5,6,0.69,0,7.0,16.93,7.1,7.1,0
606711,2452,5,3.6,11,0.33,2,13.7,15.49,6.4,10.0,0
692936,3178,7,5.0,17,0.51,2,1.8,12.05,5.3,6.3,2017
531704,2217,4,3.0,1,0.55,0,11.1,26.97,7.4,7.5,2010
736481,3131,7,5.0,31,0.75,2,10.9,43.9,6.7,7.2,0
789728,3767,7,5.0,1,0.25,1,8.3,31.18,6.4,6.9,0
801543,3971,7,5.0,29,0.52,2,2.7,20.51,6.0,5.4,0
394892,1368,2,1.5,0,0.36,1,1.0,17.37,4.3,6.6,0
455883,1372,3,2.7,3,0.15,2,2.2,55.87,6.3,8.4,2001
504296,1889,4,2.7,24,0.41,2,11.9,15.42,3.2,7.9,0
485107,2290,4,3.0,30,0.13,1,10.5,11.14,7.6,8.3,0
707380,3311,7,5.0,60,0.68,2,4.1,55.39,4.8,6.1,1994
654957,2639,6,4.6,2,0.22,1,7.0,39.85,7.3,8.4,0
402884,1358,2,1.4,11,0.3,3,9.2,53.26,4.4,5.4,0
478005,1772,3,2.2,1,0.67,2,5.8,26.08,4.6,6.7,2022
599222,2171,5,3.5,3,0.4,2,1.5,12.61,5.4,5.5,0
442786,1158,2,1.4,3,0.78,1,4.3,27.38,9.3,9.7,0
522419,2210,4,3.0,1,0.54,0,3.0,11.82,5.8,7.2,0
470940,1368,3,1.6,34,0.59,2,3.8,1.9,9.0,8.4,0
403211,1044,3,1.6,2,0.31,1,6.0,27.42,7.2,7.6,0
431993,1537,3,2.3,15,0.52,2,5.1,21.32,6.1,7.8,0
601124,2488,5,2.9,15,0.34,2,1.1,6.17,6.8,5.4,0
661609,2483,5,3.7,3,0.48,1,13.9,5.94,7.0,6.9,0
459370,2268,5,3.6,97,0.84,0,2.4,57.31,7.2,5.4,0
734656,2894,6,4.7,6,0.56,3,2.6,10.25,8.5,6.3,1994
597871,2820,5,3.5,35,0.52,3,1.2,38.54,6.6,7.0,2014
529644,2343,5,4.2,44,0.76,1,8.1,38.03,7.4,5.6,0
535593,2246,4,3.3,45,0.41,1,1.4,38.0,9.4,5.0,0
497658,2291,4,2.5,21,0.25,1,4.7,44.25,4.1,5.2,0
549385,2097,4,2.9,4,0.77,1,9.6,6.35,6.3,7.9,0
386593,800,2,2.0,2,0.81,3,29.2,10.16,7.7,6.5,2003
639966,2995,6,4.3,13,0.73,2,7.1,24.12,4.4,5.0,0
572579,2478,5,3.7,7,0.12,3,5.8,48.07,5.0,6.9,0
410242,1349,3,2.7,27,0.52,2,18.4,12.08,5.1,8.0,0
707867,3199,7,5.0,20,0.5,2,3.3,18.45,7.1,6.8,0
494307,1787,4,3.3,5,0.34,2,11.8,15.42,7.3,4.8,0
598863,2125,5,3.5,0,0.42,2,4.0,13.85,5.2,6.7,0
618874,2917,6,3.6,4,0.56,2,28.0,37.54,7.1,5.7,0
535695,2354,5,4.1,13,0.54,1,14.9,40.68,5.5,7.3,0
708140,3135,7,5.0,1,0.12,2,2.5,45.72,8.4,6.4,0
442587,1954,4,3.2,16,0.55,2,9.8,10.97,7.3,7.2,2010
763308,3384,7,4.9,17,0.25,3,3.9,22.07,7.6,4.3,0
517149,1656,4,2.7,3,0.9,2,7.6,39.51,8.9,7.0,2002
694352,3122,7,5.0,14,0.49,0,7.3,30.87,7.5,6.5,0
262429,800,1,1.0,14,0.64,1,0.5,12.73,5.6,5.6,0
434300,1430,3,2.2,10,0.31,3,9.9,73.51,6.7,7.0,2008
582166,2409,6,4.6,46,0.65,3,1.0,23.87,4.5,6.4,0
520473,1920,4,3.5,2,0.26,2,8.5,20.49,4.8,6.8,0
513556,2148,4,3.2,8,0.26,0,8.2,9.25,7.4,5.4,0
492844,2229,5,3.6,32,0.32,0,7.4,16.42,9.0,7.1,0
450865,1366,2,1.1,7,0.99,2,5.7,25.11,8.1,4.1,0
467837,1419,3,2.4,8,0.32,3,8.4,13.56,7.0,6.6,2011
592719,2362,5,3.5,17,0.39,2,7.0,7.2,4.2,6.8,2007
489404,1734,3,1.9,16,0.1,3,1.8,20.34,6.7,9.4,0
735383,3139,7,5.0,0,1.23,2,3.1,17.28,5.0,6.5,0
568411,2066,4,3.3,9,0.25,2,3.3,42.67,7.1,9.3,1995
734955,2703,6,4.6,6,0.6,1,2.1,21.34,4.5,8.6,0
592316,2510,5,3.4,15,0.6,0,10.6,4.54,6.7,6.7,1993
506755,1779,4,3.5,12,0.38,3,4.3,23.84,5.7,6.9,1993
275621,814,2,1.8,16,0.26,1,3.5,19.15,6.6,5.2,0
610893,3029,6,4.4,16,0.69,2,5.5,49.06,5.7,6.0,0
392822,1515,2,1.3,4,0.44,2,5.0,47.55,4.2,7.2,0
542918,1917,4,3.0,4,0.31,1,8.9,29.03,8.0,6.4,0
565993,2094,4,2.9,7,0.3,1,4.2,36.7,6.1,8.2,0
555485,2164,4,3.7,4,0.69,1,2.0,52.94,5.9,7.9,0
660005,2873,5,3.6,17,0.59,2,2.5,44.21,6.3,7.3,0
491616,2204,5,3.4,14,0.38,0,7.8,50.84,5.5,7.9,0
559323,2111,4,3.5,4,0.7,2,6.2,28.83,5.5,7.5,0
656589,2913,6,4.3,32,0.49,2,2.8,25.26,8.7,7.0,0
608546,2620,5,4.0,9,0.55,1,9.6,18.5,6.6,5.8,0
452886,1685,3,2.5,2,0.46,1,20.6,10.97,5.8,9.7,2017
387219,1397,3,2.2,4,0.3,1,7.5,51.69,4.0,7.9,0
472881,1623,3,2.0,12,0.34,1,4.3,19.44,5.7,7.5,2021
574969,2166,4,3.0,6,0.14,2,8.4,10.83,5.0,5.8,0
390254,1328,2,1.1,29,0.5,3,6.2,44.19,5.9,10.0,1997
588426,2264,5,3.7,10,0.22,0,3.9,44.31,8.8,5.9,0
473784,2110,4,3.2,37,0.56,3,19.6,17.83,8.6,7.0,0
281623,800,1,1.3,2,0.31,2,12.5,62.82,6.1,7.1,0
346744,1216,2,1.2,17,1.16,2,6.7,26.7,5.5,5.0,0
314434,800,2,1.4,33,0.44,2,0.9,35.99,7.4,7.7,1996
554042,1959,4,2.8,5,0.15,2,3.2,7.28,8.2,7.5,0
665660,2952,5,3.8,2,0.16,0,4.7,10.83,6.1,5.4,0
311993,877,2,1.0,9,0.29,1,4.2,54.47,9.5,8.1,1991
362962,1274,3,2.0,49,0.26,2,6.8,15.22,5.7,5.5,0
631615,2085,5,3.2,15,1.45,1,2.3,10.86,6.0,6.5,2018
426066,1455,3,1.8,15,0.09,2,1.7,48.42,6.3,5.8,0
453061,1452,4,2.8,17,0.37,2,12.6,4.88,6.0,7.9,0
611144,2579,4,3.5,1,0.89,1,1.3,20.35,4.8,7.7,0
458270,1854,4,3.1,9,0.52,2,20.6,14.39,7.7,5.3,0
349008,1159,2,1.5,1,0.27,2,6.3,10.06,6.1,6.1,1995
373030,800,2,1.9,6,0.79,2,8.0,3.64,9.7,6.1,1990
768222,3746,7,5.0,26,0.57,1,4.2,32.38,7.7,8.0,0
663332,2990,6,4.6,16,0.14,1,8.1,33.57,7.0,5.9,0
445924,1884,4,2.9,81,0.71,2,11.5,49.78,9.4,6.8,0
571116,2262,4,2.8,3,0.61,2,7.4,26.51,7.6,6.6,0
420548,1858,3,1.9,8,0.21,2,2.1,30.0,7.5,6.5,2018
666886,2557,5,3.6,25,1.24,3,0.5,32.25,5.5,9.6,0
429934,1602,4,2.9,4,0.41,0,5.9,41.48,6.1,6.0,2010
587680,1820,4,3.1,3,0.41,3,4.6,25.17,8.0,6.7,0
557881,2519,4,3.0,8,0.66,2,6.6,44.55,7.7,7.5,0
711654,3218,7,5.0,7,0.4,2,9.0,27.01,5.6,6.4,0
602434,2719,5,3.5,59,0.34,1,2.5,10.28,10.0,6.1,0
669597,3064,6,4.6,9,0.39,2,0.5,42.74,6.2,7.5,0
592983,1981,5,3.6,30,0.48,2,4.8,42.24,8.3,8.2,0
563527,1764,4,3.1,33,0.62,2,4.0,20.21,6.9,9.0,0
312617,843,2,1.0,3,0.28,1,2.0,14.81,7.2,6.7,0
509243,2251,4,3.1,19,0.67,1,9.1,29.53,6.0,5.8,0
651424,2465,5,4.0,5,0.3,2,5.7,37.64,6.8,5.8,0
561750,1990,4,3.2,1,0.4,3,9.2,58.62,4.2,9.1,0
406282,1656,3,2.2,31,0.25,2,10.0,53.79,8.2,7.5,2004
699896,3070,6,4.8,5,0.18,1,3.7,16.99,7.6,5.8,1998
597893,2642,5,3.4,6,0.58,2,1.0,36.15,9.3,6.0,2021
751284,3119,6,4.5,6,0.67,2,3.8,70.39,6.6,5.3,0
422030,1532,3,2.2,3,0.26,1,12.0,10.51,5.0,6.9,0
511652,1704,3,2.6,9,0.84,0,2.1,30.65,8.7,7.7,0
671329,3042,6,3.9,8,0.33,2,6.9,20.57,6.1,9.3,0
504799,2167,5,3.4,8,0.17,1,1.1,21.48,1.1,8.6,0
437183,1802,3,2.8,37,0.18,0,2.6,51.29,7.3,7.1,2000
539313,1850,4,2.3,6,0.7,2,15.5,49.43,7.9,6.0,0
524138,2192,4,3.2,0,0.3,1,11.5,35.63,8.3,7.7,0
612022,2902,6,4.3,3,0.31,1,5.5,18.5,5.1,4.3,0
537756,2088,5,3.8,19,0.18,2,4.3,30.43,7.3,5.8,0
675197,2753,5,4.2,13,0.24,2,6.0,50.65,7.4,8.0,0
563354,2527,5,3.8,45,0.46,1,2.9,34.7,7.4,8.3,0
429697,1585,3,2.7,18,0.29,0,4.7,24.25,5.6,9.0,2015
474508,1585,3,2.1,3,0.32,2,6.4,24.72,7.0,6.8,1999
564387,1885,4,2.9,2,0.45,0,5.1,3.25,8.2,8.9,0
379024,1264,3,2.5,11,0.44,2,4.0,45.7,3.7,6.4,0
510017,1840,3,2.1,16,0.49,3,4.3,32.99,6.5,6.3,0
775545,3259,6,4.7,3,0.55,2,1.3,12.69,8.0,7.5,0
571555,2178,4,3.4,14,1.02,1,18.3,13.59,8.9,8.7,2007
473059,1663,3,2.5,30,0.27,1,6.8,25.47,8.8,8.4,0
771463,3541,6,4.0,20,0.25,1,2.9,18.79,7.9,8.6,0
421227,1549,3,2.1,16,0.36,1,1.1,31.78,9.3,7.8,2014
451668,1527,2,1.6,23,0.39,1,6.5,41.48,8.0,8.4,0
668783,3061,6,4.4,2,0.38,0,8.4,28.11,3.0,7.0,0
679780,2663,4,3.0,3,0.73,2,2.5,9.08,5.8,7.5,0
616360,2109,5,3.8,1,0.46,2,4.9,4.94,8.6,10.0,0
635638,2782,5,3.6,2,0.4,2,11.3,45.94,5.7,8.3,2006
518720,2410,4,2.9,37,0.18,0,15.6,20.59,8.4,7.0,0
447449,1370,3,1.9,4,0.12,2,1.1,34.43,7.7,8.2,0
362880,800,2,1.4,16,0.62,0,1.8,48.13,9.3,5.4,2010
487619,1803,4,2.5,18,0.75,1,10.3,32.23,5.9,6.5,0
627020,2959,6,4.5,16,0.38,1,13.2,37.95,3.7,6.7,0
516375,1900,3,2.2,12,0.88,2,10.2,29.44,6.2,5.9,0
604048,2522,4,2.7,10,0.25,1,3.0,5.23,4.4,9.7,0
635239,2329,5,4.3,8,0.18,1,12.1,52.65,5.8,7.7,2016
345237,1015,3,2.2,37,0.41,1,2.4,27.3,2.3,7.9,1995
552487,1916,4,3.1,0,0.23,2,6.9,12.21,6.5,6.8,0
642276,2451,5,3.6,1,0.78,1,3.3,14.27,7.2,5.3,0
409820,1649,4,2.9,10,0.17,1,3.8,11.32,7.2,6.9,0
528996,1946,5,3.8,6,0.37,2,2.7,19.49,8.0,6.4,0
585065,2474,6,4.4,8,0.32,0,6.4,13.72,7.0,5.5,0
446206,2251,5,3.8,92,0.47,2,8.8,28.21,5.5,8.1,2020
635196,2933,5,4.0,22,0.37,1,5.3,17.17,8.4,6.6,2006
530741,2469,5,3.6,31,0.47,2,3.4,18.9,7.6,4.3,2005
400782,1531,3,1.9,7,0.5,2,11.0,27.3,6.4,7.0,0
486777,1866,4,2.5,4,0.32,2,10.3,48.51,6.3,7.0,2005
578999,2214,5,4.2,22,0.5,1,27.1,21.78,5.6,8.1,0
678828,3137,6,4.8,25,0.5,2,3.8,5.46,8.4,7.2,0
469674,1869,4,3.2,12,0.51,3,9.7,19.97,6.6,6.1,0
275109,987,1,1.0,34,0.14,2,8.4,50.35,7.8,7.7,0
536817,2508,5,3.4,51,0.63,3,8.3,44.35,3.5,6.0,0
415121,1671,3,2.2,10,0.22,3,3.2,46.09,6.7,8.1,0
434759,1300,3,2.2,4,0.75,2,1.1,37.41,6.9,8.7,0
503093,2213,5,3.4,11,0.45,1,4.5,16.29,4.7,3.3,0
614460,2881,6,4.1,68,0.49,2,1.8,29.82,5.4,5.9,0
543607,1798,4,2.5,5,0.7,2,2.9,19.51,7.6,7.7,0
579976,2548,5,3.9,14,0.17,2,5.5,56.91,7.4,7.1,2000
607670,2677,5,3.4,18,0.51,2,4.9,61.36,6.9,8.9,0
648495,2754,6,4.6,4,0.54,2,6.4,73.25,8.5,8.9,0
522810,1687,4,2.9,13,0.8,2,1.6,28.45,7.4,8.4,2006
383655,1415,3,2.4,6,0.25,2,5.3,33.58,8.6,4.5,0
430816,1511,3,2.4,29,0.73,0,12.9,54.96,5.1,6.8,0
631903,2754,6,4.4,19,0.57,2,4.4,5.6,6.9,8.0,0
587540,2667,6,4.5,26,0.08,2,7.2,32.86,6.6,7.0,2022
456070,1530,3,2.2,3,0.66,2,6.2,64.15,4.7,6.8,1991
786307,3693,7,5.0,1,0.14,1,9.0,26.15,9.2,8.9,2009
423967,1447,3,2.5,29,0.44,0,6.9,15.96,5.8,7.5,2021
722140,2900,6,4.4,7,0.4,0,2.0,17.26,7.1,6.6,0
743267,3264,7,5.0,3,0.31,0,1.7,16.16,5.8,5.2,1994
567216,2277,5,3.3,1,0.66,1,3.8,56.28,8.2,9.6,0
489237,1661,4,3.1,11,1.58,1,13.7,11.16,6.1,7.5,0
470847,1676,4,2.8,2,0.4,1,4.4,21.62,6.1,6.3,1992
543719,2017,4,2.9,13,0.56,2,5.8,39.31,6.5,8.4,1995
736459,2957,7,5.0,19,0.6,3,5.3,7.44,6.6,4.6,0
436624,1360,3,2.2,11,0.79,1,0.5,21.67,5.7,9.6,0
263373,913,1,1.0,35,0.26,2,6.2,55.85,5.3,7.9,2005
614389,2453,5,4.0,3,0.16,3,9.9,10.41,5.7,10.0,0
623086,2607,5,3.7,10,0.33,3,5.6,15.3,6.3,7.9,0
844306,3578,7,5.0,3,0.74,1,3.5,27.15,6.9,7.4,1999
354618,1232,3,1.8,31,0.35,1,5.6,29.49,5.9,6.1,0
515054,2106,5,3.9,40,0.3,1,1.7,20.43,4.8,6.3,2011
672753,3013,6,4.3,8,0.14,1,0.9,37.37,4.7,5.1,0
640328,2285,5,4.1,5,0.37,2,5.3,43.91,5.1,10.0,0
499780,2063,3,2.4,5,0.59,1,8.0,49.7,7.0,7.2,2012
671782,2753,5,4.2,29,0.45,2,8.0,24.49,7.8,8.3,0
486278,1780,3,2.3,17,0.24,1,14.4,32.81,4.8,8.5,0
650195,2796,6,4.8,32,0.66,2,3.3,39.03,7.1,6.7,0
367691,1323,2,1.6,2,0.23,1,3.4,25.4,7.1,5.8,1990
438428,1136,2,1.4,10,0.37,2,4.5,33.5,9.3,5.9,0
558226,2008,5,3.8,17,0.5,2,14.1,25.65,10.0,4.7,0
309235,800,2,1.2,34,0.45,2,0.9,29.48,8.1,5.3,2014
625732,2259,6,5.0,7,0.55,1,11.2,22.76,7.6,7.8,0
334209,987,2,1.5,6,0.54,1,4.5,44.81,7.3,8.5,0
575252,2398,5,3.8,37,0.21,1,4.9,26.91,5.4,7.0,2000
524441,2330,4,3.1,1,0.25,2,0.5,19.67,4.8,8.4,0
534386,2152,4,2.7,10,0.6,0,5.8,79.25,4.2,8.4,1997
582762,2505,4,3.4,9,0.57,2,1.7,15.69,6.7,6.5,2014
501200,2343,4,2.7,2,0.35,0,8.3,24.07,5.4,8.6,2020
462932,1995,5,3.4,8,0.22,1,11.9,11.03,7.7,6.8,0
729542,3482,7,5.0,19,0.8,2,9.8,43.16,4.8,6.4,1993
650817,2475,6,4.1,7,0.29,2,1.1,22.31,6.9,7.1,0
579114,2740,5,4.2,6,0.51,1,3.5,23.46,5.4,4.9,0
623118,2951,6,4.4,23,0.48,2,1.1,39.91,4.4,6.9,1995
510044,2668,5,2.8,67,0.3,2,6.9,5.91,5.3,3.5,0
795063,3644,7,5.0,23,0.36,1,5.6,9.48,5.5,8.0,1993
547833,2316,5,3.9,28,0.45,1,9.8,56.57,6.5,5.1,2010
528531,2195,5,3.6,42,0.6,2,5.7,53.36,5.6,7.0,2009
515592,1745,4,2.6,24,0.33,3,3.6,35.49,5.1,9.2,0
511922,2021,5,3.7,59,0.51,1,1.4,36.36,5.3,7.1,1995
438261,1688,4,2.9,21,0.75,2,2.3,14.61,1.0,4.2,0
642025,2674,5,3.5,16,0.38,3,9.8,21.29,5.9,7.2,2007
390294,1561,3,1.9,18,0.18,2,1.4,25.09,6.6,6.6,0
554071,2252,5,3.8,35,0.2,1,4.7,28.05,5.9,8.4,0
626619,2592,7,5.0,17,0.58,2,4.3,24.41,6.8,6.8,2020
570099,2305,5,3.9,21,0.26,0,4.7,33.03,7.9,8.7,0
477899,1573,3,1.7,4,0.46,1,4.5,59.0,8.1,7.7,2023
654174,2689,6,4.7,37,0.38,1,2.0,8.67,8.0,8.3,2005
502326,2140,4,3.2,9,0.06,1,9.1,26.26,5.6,6.9,0
339298,800,2,1.9,3,0.31,1,6.9,31.77,5.1,8.9,0
432133,1512,4,2.7,24,0.36,2,3.8,73.33,5.7,6.2,0
756394,3181,6,4.5,7,0.32,3,5.8,34.24,7.4,4.3,1991
715831,3239,6,4.7,3,0.32,1,4.4,39.65,7.0,5.4,0
598260,2568,5,3.6,4,0.46,0,4.1,2.52,5.4,7.2,2002
621345,2749,5,3.9,1,0.21,2,11.0,38.92,8.1,7.4,0
416508,1655,3,2.2,1,0.16,2,5.7,30.56,4.8,7.2,0
493213,2018,4,2.7,13,0.23,2,3.7,9.52,5.7,8.8,1995
593046,3065,5,3.5,30,0.87,2,2.5,57.3,6.8,7.3,0
587094,2498,4,3.4,9,0.4,3,4.4,36.07,7.8,7.5,2022
475582,2245,4,2.7,15,0.18,1,9.1,63.08,8.2,8.5,0
502047,2069,5,3.4,25,0.18,1,3.5,28.35,7.0,4.5,0
692434,3022,7,5.0,7,0.55,1,7.5,22.48,4.6,8.1,0
677834,2985,5,3.7,16,0.84,2,4.0,12.7,8.1,9.0,0
578644,2655,6,4.1,6,0.27,3,5.3,36.05,4.9,8.1,2000
530588,2246,4,2.8,15,0.29,3,11.4,12.4,5.8,7.5,0
506509,1950,4,2.8,4,1.22,2,2.3,43.9,5.0,8.2,2010
541544,2685,5,3.6,57,0.29,1,7.0,53.51,6.4,3.8,2009
425977,1429,3,3.0,1,0.08,2,7.2,24.22,5.0,6.8,1994
441313,1574,3,2.2,11,0.43,1,1.1,1.68,7.2,5.1,0
418680,1184,1,1.0,5,0.24,3,1.5,32.5,7.1,7.6,0
696119,3065,6,5.0,14,0.39,1,3.3,1.67,7.6,5.5,2016
532277,1696,4,3.3,8,0.98,1,9.0,15.34,6.9,8.3,1994
656356,2483,6,4.7,5,0.4,2,4.6,12.41,6.8,6.4,1994
501965,2112,4,2.8,4,0.38,2,9.1,5.16,5.0,5.1,2004
813300,4228,7,5.0,3,0.17,2,8.2,22.31,5.5,5.6,0
572839,2509,5,4.0,23,0.41,1,1.4,37.45,6.3,5.0,0
303767,897,2,1.5,4,0.62,2,6.3,53.04,6.5,6.9,0
744869,3023,5,3.2,22,1.1,2,5.9,17.65,6.0,7.9,0
525961,1929,5,3.7,10,0.1,2,5.0,15.68,7.3,6.0,0
552303,2059,4,3.5,1,0.58,2,2.0,24.38,10.0,4.8,0
551641,1729,4,3.1,3,0.22,2,7.5,19.87,7.1,7.0,2012
528933,2337,5,3.6,34,0.66,2,6.2,29.51,5.5,6.9,1990
607281,2328,5,3.7,14,0.14,1,9.7,1.27,7.7,6.3,0
525299,1748,4,3.0,3,0.71,2,8.6,9.16,5.6,5.8,0
559784,1844,4,2.8,18,0.66,2,5.1,20.08,7.0,8.9,0
550233,2271,5,3.7,26,0.54,1,2.9,34.02,7.2,6.1,1995
305721,800,1,1.2,6,0.43,1,3.0,17.71,6.8,4.8,2005
339037,1191,2,1.9,12,0.1,2,9.6,31.16,5.6,6.9,0
794060,3369,6,4.3,5,0.92,1,2.3,25.82,6.6,7.8,0
579000,2429,4,3.4,1,0.32,1,3.0,50.78,5.7,7.7,1999
496862,1833,4,3.2,8,0.88,2,2.8,19.98,5.7,4.6,0
356996,1013,3,2.4,21,0.38,1,3.8,13.91,4.0,8.8,0
542305,2161,4,3.1,9,0.45,1,3.9,22.24,6.3,7.3,0
682441,2890,6,4.2,8,0.44,2,5.9,32.49,9.7,7.9,0
862359,4047,7,5.0,7,0.33,2,4.2,64.38,2.7,10.0,0
764240,3524,7,5.0,9,0.22,1,4.4,39.88,3.2,8.1,2005
496653,1579,3,1.9,6,0.6,3,10.1,10.06,6.6,7.9,0
475512,1853,4,2.7,14,0.15,2,4.7,65.12,7.6,6.7,0
355964,1170,2,1.6,1,0.45,1,3.2,14.47,4.5,7.0,0
391312,1611,2,1.3,25,0.22,1,10.8,27.74,6.8,5.2,2001
470372,2051,4,3.2,3,0.45,2,2.6,46.81,6.3,7.1,0
501222,1943,4,2.8,15,0.48,0,4.8,55.52,5.6,9.4,0
788518,3638,7,5.0,9,0.6,3,5.6,17.6,7.1,7.6,0
376799,1279,2,1.6,22,0.67,1,8.7,6.27,5.0,10.0,2022
524792,2168,4,2.9,26,0.31,2,3.1,24.44,8.0,7.8,0
322055,800,2,1.4,3,0.21,2,4.7,13.45,3.6,7.4,2001
538036,2432,5,3.5,17,0.07,2,14.3,46.71,6.4,6.8,1998
402339,1261,2,1.5,3,0.08,1,5.4,58.73,6.7,10.0,0
682841,2972,6,4.2,2,0.63,2,8.5,21.93,6.3,6.3,1997
375745,1996,3,2.2,40,0.17,0,26.2,39.11,5.7,5.9,2007
344612,1219,3,2.5,3,0.54,2,20.1,24.31,7.4,5.7,0
368904,800,2,1.2,4,1.17,2,5.1,1.87,5.9,10.0,0
434677,1515,3,2.1,2,0.19,1,3.9,16.06,4.2,7.2,0
592192,2368,4,3.2,10,0.41,2,4.3,10.07,5.5,7.1,0
557216,2495,5,3.1,38,0.32,1,6.1,19.15,6.6,7.8,0
567203,1851,5,4.3,5,0.79,1,11.3,4.23,5.7,6.6,0
599951,2848,6,4.8,12,0.24,2,6.7,34.76,6.0,5.9,0
407611,1405,3,1.8,8,0.34,1,5.8,52.49,7.7,5.8,0
